{"stats":{"minecraft:killed_by":{"jujutsucraft:cursed_spirit_grade_39":2,"jujutsucraft:sukuna":1,"jujutsucraft:cursed_spirit_grade_317":3,"jujutsucraft:cursed_spirit_grade_33":1},"minecraft:picked_up":{"minecraft:stick":1,"minecraft:sweet_berries":9,"jujutsucraft:truck_spawn_egg":1,"minecraft:gravel":1,"gravestone:obituary":5,"minecraft:dirt":1},"minecraft:dropped":{"minecraft:sweet_berries":9,"jujutsucraft:truck_spawn_egg":1,"gravestone:obituary":4},"minecraft:killed":{"jujutsucraft:transfigured_human_3":1,"jujutsucraft:cursed_spirit_grade_39":1,"jujutsucraft:cursed_spirit_grade_33":1,"jujutsucraft:cursed_spirit_grade_314":1,"jujutsucraft:crow":2,"jujutsucraft:truck":2,"jujutsucraft:cursed_spirit_grade_317":1,"jujutsucraft:cursed_spirit_grade_318":1},"minecraft:used":{"jujutsucraft:human_stock_car":4,"jujutsucraft:uniform_normal_boots":1,"jujutsucraft:sukuna_finger":23,"jujutsucraft:uniform_normal_leggings":1,"jujutsucraft:truck_spawn_egg":3,"jujutsucraft:uniform_normal_chestplate":1},"minecraft:custom":{"minecraft:time_since_rest":193,"lootr:looted_stat":7,"minecraft:sprint_one_cm":258781,"minecraft:damage_taken":20051,"minecraft:walk_one_cm":119942,"minecraft:mob_kills":10,"minecraft:drop":14,"minecraft:damage_dealt":364,"minecraft:swim_one_cm":25377,"minecraft:fly_one_cm":295022,"minecraft:open_barrel":5,"minecraft:open_chest":6,"minecraft:crouch_one_cm":1783,"minecraft:play_time":28321,"minecraft:deaths":22,"minecraft:sneak_time":193,"minecraft:walk_under_water_one_cm":1084,"minecraft:jump":630,"minecraft:damage_dealt_resisted":248,"minecraft:leave_game":1,"minecraft:walk_on_water_one_cm":848,"minecraft:time_since_death":165,"minecraft:climb_one_cm":16,"minecraft:total_world_time":28321,"minecraft:damage_resisted":2090,"minecraft:fall_one_cm":218195},"minecraft:mined":{"minecraft:large_fern":1,"minecraft:sweet_berry_bush":6,"minecraft:gray_stained_glass_pane":2,"gravestone:gravestone":1,"minecraft:grass":1,"minecraft:grass_block":1,"minecraft:gravel":1,"minecraft:glass":6,"minecraft:spruce_leaves":8,"minecraft:oak_leaves":1,"minecraft:fern":1}},"DataVersion":3465}