{"stats":{"minecraft:killed_by":{"jujutsucraft:truck":1},"minecraft:used":{"waystones:waystone":1,"minecraft:potion":1,"minecraft:snow_block":1,"minecraft:oak_sign":4,"torchmaster:megatorch":6,"lootr:trophy":4},"minecraft:custom":{"minecraft:time_since_rest":28710,"minecraft:waystone_activated":1,"minecraft:sprint_one_cm":65055,"minecraft:crouch_one_cm":2962,"minecraft:interact_with_furnace":1,"lootr:looted_stat":3,"minecraft:play_time":45749,"minecraft:deaths":3,"minecraft:damage_taken":365,"minecraft:walk_one_cm":161098,"minecraft:sneak_time":1872,"minecraft:damage_dealt_resisted":0,"minecraft:jump":81,"minecraft:damage_dealt":10,"minecraft:leave_game":9,"minecraft:time_since_death":28675,"minecraft:total_world_time":45749,"minecraft:climb_one_cm":960,"minecraft:fall_one_cm":211,"minecraft:fly_one_cm":639492}},"DataVersion":3465}